SamplePath	SampleName	Category
/DIRECTORY/sorted/ASK454_180.repaired.sorted.bam	ASK454_180	mutant
/DIRECTORY/sorted/ASK454_240.repaired.sorted.bam	ASK454_240	mutant
/DIRECTORY/sorted/ASK455_180.repaired.sorted.bam	ASK455_180	positive
/DIRECTORY/sorted/ASK455_240.repaired.sorted.bam	ASK455_240	positive
/DIRECTORY/sorted/ASK458_180.repaired.sorted.bam	ASK458_180	mutant
/DIRECTORY/sorted/ASK458_240.repaired.sorted.bam	ASK458_240	mutant
/DIRECTORY/sorted/ASK459_180.repaired.sorted.bam	ASK459_180	positive
/DIRECTORY/sorted/ASK459_240.repaired.sorted.bam	ASK459_240	positive
/DIRECTORY/sorted/ASK460_180.repaired.sorted.bam	ASK460_180	negative
/DIRECTORY/sorted/ASK460_240.repaired.sorted.bam	ASK460_240	negative
/DIRECTORY/sorted/ASK461_180.repaired.sorted.bam	ASK461_180	negative
/DIRECTORY/sorted/ASK461_240.repaired.sorted.bam	ASK461_240	negative
/DIRECTORY/sorted/ASK468_240.repaired.sorted.bam	ASK468_240	ShuffleD
/DIRECTORY/sorted/ASK469_240.repaired.sorted.bam	ASK469_240	ShuffleD
/DIRECTORY/sorted/ASK468_180.repaired.sorted.bam	ASK468_180	ShuffleD
/DIRECTORY/sorted/ASK469_180.repaired.sorted.bam	ASK469_180	ShuffleD
/DIRECTORY/sorted/ASK470_240.repaired.sorted.bam	ASK470_240	Patchy
/DIRECTORY/sorted/ASK471_240.repaired.sorted.bam	ASK471_240	Patchy
/DIRECTORY/sorted/ASK470_180.repaired.sorted.bam	ASK470_180	Patchy
/DIRECTORY/sorted/ASK471_180.repaired.sorted.bam	ASK471_180	Patchy
/DIRECTORY/sorted/ASKGS1_180.repaired.sorted.bam	ASKGS1_180	Control1
/DIRECTORY/sorted/ASKGS2_180.repaired.sorted.bam	ASKGS2_180	Control1
/DIRECTORY/sorted/ASKFG1_180.repaired.sorted.bam	ASKFG1_180	Control2
/DIRECTORY/sorted/ASKFG2_180.repaired.sorted.bam	ASKFG2_180	Control2
/DIRECTORY/sorted/ASKGS1_240.repaired.sorted.bam	ASKGS1_240	Control1
/DIRECTORY/sorted/ASKGS2_240.repaired.sorted.bam	ASKGS2_240	Control1
/DIRECTORY/sorted/ASKFG1_240.repaired.sorted.bam	ASKFG1_240	Control2
/DIRECTORY/sorted/ASKFG2_240.repaired.sorted.bam	ASKFG2_240	Control2
